Type,Name,Request Count,Failure Count,Median Response Time,Average Response Time,Min Response Time,Max Response Time,Average Content Size,Requests/s,Failures/s,50%,66%,75%,80%,90%,95%,98%,99%,99.9%,99.99%,100%
GET,/health,127,0,2,3.9314440944895246,1.281700000163255,147.49550000033196,35.0,2.1341215985021917,0.0,2,2,3,3,3,4,16,52,150,150,150
POST,/predict,1136,0,43,43.238724735913344,2.4897000002965797,213.1901999996444,39.936619718309856,19.089465636995985,0.0,43,44,45,45,46,47,48,58,140,210,210
POST,/predict/batch,291,0,43,44.70578762886168,3.5184000003027904,228.6432999999306,313.6975945017182,4.889995158772739,0.0,43,44,45,45,47,48,79,140,230,230,230
POST,/predict/explain,12,0,240,269.37825833332835,163.43270000015764,421.37430000002496,350.5833333333333,0.2016492848978449,0.0,240,250,400,400,400,420,420,420,420,420,420
,Aggregated,1566,0,43,42.056454661555804,1.281700000163255,421.37430000002496,92.78799489144316,26.31523167916876,0.0,43,44,44,45,46,47,60,150,400,420,420
